[{"id":"user-image-vbbb.jpg","publicUrl":"np://user.desktop.nicepage.com/Site_54441810/images/vbbb.jpg","size":32546,"hash":"Zmu6mutK6ON3tO1E6+pBBLF9QQA=","fileName":"vbbb.jpg","name":"vbbb","width":1980,"height":1320,"thumbnail":{"url":"np://user.desktop.nicepage.com/Site_54441810/images/thumbnails/vbbb.jpg","width":250,"height":167},"originalUrl":"//images01.nicepage.com/c461c07a441a5d220e8feb1a/fe3261b334d351e38c1e0c0a/vbbb.jpg","usages":["2027010148"]},{"id":"user-image-default-logo.png","publicUrl":"np://user.desktop.nicepage.com/Site_54441810/images/default-logo.png","size":1804,"hash":"pVWyp9ScwghJ0IJ/x/tR7o2JZVo=","fileName":"default-logo.png","name":"default-logo","width":80,"height":40,"thumbnail":{"url":"np://user.desktop.nicepage.com/Site_54441810/images/thumbnails/default-logo.png","width":80,"height":40,"length":1804,"type":"png"},"originalUrl":"//capp.nicepage.com/dc61006929b64bc8e6c4809d58ba9f86be95affd/images/default-logo.png","usages":[]},{"id":"user-image-venki-1.jpg","publicUrl":"np://user.desktop.nicepage.com/Site_54441810/images/venki-1.jpg","size":1062610,"hash":"hLl+e+GKwWwnQ8EjGVsx6QJngX0=","fileName":"venki-1.jpg","name":"venki-1","width":3144,"height":3679,"thumbnail":{"url":"np://user.desktop.nicepage.com/Site_54441810/images/thumbnails/venki-1.jpg","width":214,"height":250},"usages":["2027010148"]},{"id":"user-image-VENKI-removebg-preview.png","publicUrl":"np://user.desktop.nicepage.com/Site_54441810/images/VENKI-removebg-preview.png","size":285554,"hash":"DusgZY0FojYGwQ5tdkOOYarULKo=","fileName":"VENKI-removebg-preview.png","name":"VENKI-removebg-preview","width":447,"height":559,"thumbnail":{"url":"np://user.desktop.nicepage.com/Site_54441810/images/thumbnails/VENKI-removebg-preview.png","width":200,"height":250},"usages":["2027010148"]},{"id":"user-image-3536505.png","publicUrl":"np://user.desktop.nicepage.com/Site_54441810/images/3536505.png","size":2643,"hash":"WyZ0gTejSZPocf+B8peDx8+O/4Q=","fileName":"3536505.png","name":"3536505","width":128,"height":128,"thumbnail":{"url":"np://user.desktop.nicepage.com/Site_54441810/images/thumbnails/3536505.png","width":128,"height":128,"length":2643,"type":"png"},"usages":["2027010148"]}]